1,Abilene Christian,2000,Abilene Christian Wildcats,Abilene Christian Wildcats,Abilene Christian,[Abilene Christian](#f/abilenechristian),FCS,23,23
2,Air Force,2005,Air Force Falcons,Air Force Falcons,Air Force,[Air Force](#f/airforce),FBS,8,8
3,Akron,2006,Akron Zips,Akron Zips,Akron,[Akron](#f/akron),FBS,7,7
4,Alabama A&M,2010,Alabama A&M Bulldogs,Alabama A&M Bulldogs,Alabama A&M,[Alabama A&M](#f/alabamaam),FCS,24,24
5,Alabama State,2011,Alabama State Hornets,Alabama State Hornets,Alabama State,[Alabama State](#f/alabamastate),FCS,24,24
6,Alabama,333,Alabama Crimson Tide,Alabama Crimson Tide,Alabama,[Alabama](#f/alabama),FBS,10,10
7,Albany,399,Albany Great Danes,Albany Great Danes,Albany,[Albany](#f/albany),FCS,14,25
8,Alcorn State,2016,Alcorn State Braves,Alcorn State Braves,Alcorn State,[Alcorn State](#f/alcornstate),FCS,24,24
9,American,44,American Eagles,American Eagles,American,[American](#f/american),None,None,20
10,Appalachian State,2026,Appalachian State Mountaineers,Appalachian State Mountaineers,Appalachian State,[Appalachian State](#f/appalachianstate),FBS,11,11
11,Arizona State,9,Arizona State Sun Devils,Arizona State Sun Devils,Arizona State,[Arizona State](#f/arizonastate),FBS,9,9
12,Arizona,12,Arizona Wildcats,Arizona Wildcats,Arizona,[Arizona](#f/arizona),FBS,9,9
13,Arkansas State,2032,Arkansas State Red Wolves,Arkansas State Red Wolves,Arkansas State,[Arkansas State](#f/arkansasstate),FBS,11,11
14,Arkansas,8,Arkansas Razorbacks,Arkansas Razorbacks,Arkansas,[Arkansas](#f/arkansas),FBS,10,10
15,Arkansas-Pine Bluff,2029,Arkansas-Pine Bluff Golden Lions,Arkansas-Pine Bluff Golden Lions,Arkansas-Pine Bluff,[Arkansas-Pine Bluff](#f/arkansaspinebluff),FCS,24,24
16,Army,349,Army Black Knights,Army Black Knights,Army,[Army](#f/army),FBS,6,20
17,Auburn,2,Auburn Tigers,Auburn Tigers,Auburn,[Auburn](#f/auburn),FBS,10,10
18,Austin Peay,2046,Austin Peay Governors,Austin Peay Governors,Austin Peay,[Austin Peay](#f/austinpeay),FCS,19,19
19,BYU,252,BYU Cougars,BYU Cougars,BYU,[BYU](#f/byu),FBS,6,33
20,Ball State,2050,Ball State Cardinals,Ball State Cardinals,Ball State,[Ball State](#f/ballstate),FBS,7,7
21,Baylor,239,Baylor Bears,Baylor Bears,Baylor,[Baylor](#f/baylor),FBS,3,3
22,Belmont,2057,Belmont Bruins,Belmont Bruins,Belmont,[Belmont](#f/belmont),None,None,19
23,Bethune-Cookman,2065,Bethune-Cookman Wildcats,Bethune-Cookman Wildcats,Bethune-Cookman,[Bethune-Cookman](#f/bethunecookman),FCS,16,16
24,Binghamton,2066,Binghamton Bearcats,Binghamton Bearcats,Binghamton,[Binghamton](#f/binghamton),None,None,25
25,Boise State,68,Boise State Broncos,Boise State Broncos,Boise State,[Boise State](#f/boisestate),FBS,8,8
26,Boston College,103,Boston College Eagles,Boston College Eagles,Boston College,[Boston College](#f/bostoncollege),FBS,1,1
27,Boston University,104,Boston University Terriers,Boston University Terriers,Boston University,[Boston University](#f/bostonuniversity),None,None,20
28,Bowling Green,189,Bowling Green Falcons,Bowling Green Falcons,Bowling Green,[Bowling Green](#f/bowlinggreen),FBS,7,7
29,Bradley,71,Bradley Braves,Bradley Braves,Bradley,[Bradley](#f/bradley),None,None,17
30,Brown,225,Brown Bears,Brown Bears,Brown,[Brown](#f/brown),FCS,15,15
31,Bryant,2803,Bryant Bulldogs,Bryant Bulldogs,Bryant,[Bryant](#f/bryant),FCS,18,18
32,Bucknell,2083,Bucknell Bison,Bucknell Bison,Bucknell,[Bucknell](#f/bucknell),FCS,20,20
33,Buffalo,2084,Buffalo Bulls,Buffalo Bulls,Buffalo,[Buffalo](#f/buffalo),FBS,7,7
34,Butler,2086,Butler Bulldogs,Butler Bulldogs,Butler,[Butler](#f/butler),FCS,21,28
35,CS Fullerton,2239,CS Fullerton Titans,CS Fullerton Titans,CS Fullerton,[CS Fullerton](#f/csfullerton),None,None,29
36,CSU Bakersfield,2934,CSU Bakersfield Roadrunners,CSU Bakersfield Roadrunners,CSU Bakersfield,[CSU Bakersfield](#f/csubakersfield),None,None,34
37,CSU Northridge,2463,CSU Northridge Matadors,CSU Northridge Matadors,CSU Northridge,[CSU Northridge](#f/csunorthridge),None,None,29
38,Cal Poly,13,Cal Poly Mustangs,Cal Poly Mustangs,Cal Poly,[Cal Poly](#f/calpoly),FCS,12,29
39,California,25,California Golden Bears,California Golden Bears,California,[California](#f/california),FBS,9,9
40,Campbell,2097,Campbell Fighting Camels,Campbell Fighting Camels,Campbell,[Campbell](#f/campbell),FCS,21,13
41,Canisius,2099,Canisius Golden Griffins,Canisius Golden Griffins,Canisius,[Canisius](#f/canisius),None,None,31
42,Central Arkansas,2110,Central Arkansas Bears,Central Arkansas Bears,Central Arkansas,[Central Arkansas](#f/centralarkansas),FCS,23,23
43,Central Connecticut,2115,Central Connecticut Blue Devils,Central Connecticut Blue Devils,Central Connecticut,[Central Connecticut](#f/centralconnecticut),FCS,18,18
44,Central Michigan,2117,Central Michigan Chippewas,Central Michigan Chippewas,Central Michigan,[Central Michigan](#f/centralmichigan),FBS,7,7
45,Charleston Southern,2127,Charleston Southern Buccaneers,Charleston Southern Buccaneers,Charleston Southern,[Charleston Southern](#f/charlestonsouthern),FCS,13,13
46,Charleston,232,Charleston Cougars,Charleston Cougars,Charleston,[Charleston](#f/charleston),None,None,14
47,Charlotte,2429,Charlotte 49ers,Charlotte 49ers,Charlotte,[Charlotte](#f/charlotte),FBS,5,5
48,Chattanooga,236,Chattanooga Mocs,Chattanooga Mocs,Chattanooga,[Chattanooga](#f/chattanooga),FCS,22,22
49,Chicago State,2130,Chicago State Cougars,Chicago State Cougars,Chicago State,[Chicago State](#f/chicagostate),None,None,34
50,Cincinnati,2132,Cincinnati Bearcats,Cincinnati Bearcats,Cincinnati,[Cincinnati](#f/cincinnati),FBS,2,2
51,Clemson,228,Clemson Tigers,Clemson Tigers,Clemson,[Clemson](#f/clemson),FBS,1,1
52,Cleveland State,325,Cleveland State Vikings,Cleveland State Vikings,Cleveland State,[Cleveland State](#f/clevelandstate),None,None,30
53,Coastal Carolina,324,Coastal Carolina Chanticleers,Coastal Carolina Chanticleers,Coastal Carolina,[Coastal Carolina](#f/coastalcarolina),FBS,11,11
54,Colgate,2142,Colgate Raiders,Colgate Raiders,Colgate,[Colgate](#f/colgate),FCS,20,20
55,Colorado State,36,Colorado State Rams,Colorado State Rams,Colorado State,[Colorado State](#f/coloradostate),FBS,8,8
56,Colorado,38,Colorado Buffaloes,Colorado Buffaloes,Colorado,[Colorado](#f/colorado),FBS,9,9
57,Columbia,171,Columbia Lions,Columbia Lions,Columbia,[Columbia](#f/columbia),FCS,15,15
58,Connecticut,41,Connecticut Huskies,Connecticut Huskies,Connecticut,[Connecticut](#f/connecticut),FBS,2,2
59,Coppin State,2154,Coppin State Eagles,Coppin State Eagles,Coppin State,[Coppin State](#f/coppinstate),None,None,16
60,Cornell,172,Cornell Big Red,Cornell Big Red,Cornell,[Cornell](#f/cornell),FCS,15,15
61,Creighton,156,Creighton Bluejays,Creighton Bluejays,Creighton,[Creighton](#f/creighton),None,None,28
62,Dartmouth,159,Dartmouth Big Green,Dartmouth Big Green,Dartmouth,[Dartmouth](#f/dartmouth),FCS,15,15
63,Davidson,2166,Davidson Wildcats,Davidson Wildcats,Davidson,[Davidson](#f/davidson),FCS,21,27
64,Dayton,2168,Dayton Flyers,Dayton Flyers,Dayton,[Dayton](#f/dayton),FCS,21,27
65,DePaul,305,DePaul Blue Demons,DePaul Blue Demons,DePaul,[DePaul](#f/depaul),None,None,28
66,Delaware State,2169,Delaware State Hornets,Delaware State Hornets,Delaware State,[Delaware State](#f/delawarestate),FCS,16,16
67,Delaware,48,Delaware Blue Hens,Delaware Blue Hens,Delaware,[Delaware](#f/delaware),FCS,14,14
68,Denver,2172,Denver Pioneers,Denver Pioneers,Denver,[Denver](#f/denver),None,None,32
69,Detroit,2174,Detroit Mercy Titans,Detroit Mercy Titans,Detroit Mercy,[Detroit Mercy](#f/detroitmercy),None,None,30
70,Drake,2181,Drake Bulldogs,Drake Bulldogs,Drake,[Drake](#f/drake),FCS,21,17
71,Drexel,2182,Drexel Dragons,Drexel Dragons,Drexel,[Drexel](#f/drexel),None,None,14
72,Duke,150,Duke Blue Devils,Duke Blue Devils,Duke,[Duke](#f/duke),FBS,1,1
73,Duquesne,2184,Duquesne Dukes,Duquesne Dukes,Duquesne,[Duquesne](#f/duquesne),FCS,18,27
74,East Carolina,151,East Carolina Pirates,East Carolina Pirates,East Carolina,[ECU](#f/eastcarolina),FBS,2,2
75,East Tennessee State,2193,East Tennessee State Buccaneers,East Tennessee State Buccaneers,East Tennessee State,[East Tennessee State](#f/easttennesseestate),FCS,22,22
76,Eastern Illinois,2197,Eastern Illinois Panthers,Eastern Illinois Panthers,Eastern Illinois,[Eastern Illinois](#f/easternillinois),FCS,19,19
77,Eastern Kentucky,2198,Eastern Kentucky Colonels,Eastern Kentucky Colonels,Eastern Kentucky,[Eastern Kentucky](#f/easternkentucky),FCS,19,19
78,Eastern Michigan,2199,Eastern Michigan Eagles,Eastern Michigan Eagles,Eastern Michigan,[Eastern Michigan](#f/easternmichigan),FBS,7,7
79,Eastern Washington,331,Eastern Washington Eagles,Eastern Washington Eagles,Eastern Washington,[Eastern Washington](#f/easternwashington),FCS,12,12
80,Elon,2210,Elon Phoenix,Elon Phoenix,Elon,[Elon](#f/elon),FCS,14,14
81,Evansville,339,Evansville Purple Aces,Evansville Purple Aces,Evansville,[Evansville](#f/evansville),None,None,17
82,FIU,2229,Florida Intl Golden Panthers,Florida Intl Golden Panthers,Florida Intl,[FIU](#f/fiu),FBS,5,5
83,Fairfield,2217,Fairfield Stags,Fairfield Stags,Fairfield,[Fairfield](#f/fairfield),None,None,31
84,Fairleigh Dickinson,161,Fairleigh Dickinson Knights,Fairleigh Dickinson Knights,Fairleigh Dickinson,[Fairleigh Dickinson](#f/fairleighdickinson),None,None,18
85,Florida A&M,50,Florida A&M Rattlers,Florida A&M Rattlers,Florida A&M,[Florida A&M](#f/floridaam),FCS,16,16
86,Florida Atlantic,2226,Florida Atlantic Owls,Florida Atlantic Owls,Florida Atlantic,[FAU](#f/fau),FBS,5,5
87,Florida Gulf Coast,526,Florida Gulf Coast Eagles,Florida Gulf Coast Eagles,Florida Gulf Coast,[Florida Gulf Coast](#f/floridagulfcoast),None,None,26
88,Florida State,52,Florida State Seminoles,Florida State Seminoles,Florida State,[Florida State](#f/floridastate),FBS,1,1
89,Florida,57,Florida Gators,Florida Gators,Florida,[Florida](#f/florida),FBS,10,10
90,Fordham,2230,Fordham Rams,Fordham Rams,Fordham,[Fordham](#f/fordham),FCS,20,27
91,Fort Wayne,2870,Fort Wayne Mastodons,Fort Wayne Mastodons,Fort Wayne,[Fort Wayne](#f/fortwayne),None,None,32
92,Fresno State,278,Fresno State Bulldogs,Fresno State Bulldogs,Fresno State,[Fresno State](#f/fresnostate),FBS,8,8
93,Furman,231,Furman Paladins,Furman Paladins,Furman,[Furman](#f/furman),FCS,22,22
94,Gardner-Webb,2241,Gardner-Webb Bulldogs,Gardner-Webb Bulldogs,Gardner-Webb,[Gardner-Webb](#f/gardnerwebb),FCS,13,13
95,George Mason,2244,George Mason Patriots,George Mason Patriots,George Mason,[George Mason](#f/georgemason),None,None,27
96,George Washington,45,George Washington Colonials,George Washington Colonials,George Washington,[George Washington](#f/georgewashington),None,None,27
97,Georgetown,46,Georgetown Hoyas,Georgetown Hoyas,Georgetown,[Georgetown](#f/georgetown),FCS,20,28
98,Georgia Southern,290,Georgia Southern Eagles,Georgia Southern Eagles,Georgia Southern,[Georgia Southern](#f/georgiasouthern),FBS,11,11
99,Georgia State,2247,Georgia State Panthers,Georgia State Panthers,Georgia State,[Georgia State](#f/georgiastate),FBS,11,11
100,Georgia Tech,59,Georgia Tech Yellow Jackets,Georgia Tech Yellow Jackets,Georgia Tech,[Georgia Tech](#f/georgiatech),FBS,1,1
101,Georgia,61,Georgia Bulldogs,Georgia Bulldogs,Georgia,[Georgia](#f/georgia),FBS,10,10
102,Gonzaga,2250,Gonzaga Bulldogs,Gonzaga Bulldogs,Gonzaga,[Gonzaga](#f/gonzaga),None,None,33
103,Grambling,2755,Grambling Tigers,Grambling Tigers,Grambling,[Grambling](#f/grambling),FCS,24,24
104,Grand Canyon,2253,Grand Canyon Antelopes,Grand Canyon Antelopes,Grand Canyon,[Grand Canyon](#f/grandcanyon),None,None,34
105,Green Bay,2739,Green Bay Phoenix,Green Bay Phoenix,Green Bay,[Green Bay](#f/greenbay),None,None,30
106,Hampton,2261,Hampton Pirates,Hampton Pirates,Hampton,[Hampton](#f/hampton),FCS,16,16
107,Hartford,42,Hartford Hawks,Hartford Hawks,Hartford,[Hartford](#f/hartford),None,None,25
108,Harvard,108,Harvard Crimson,Harvard Crimson,Harvard,[Harvard](#f/harvard),FCS,15,15
109,Hawaii,62,Hawai'i Rainbow Warriors,Hawai'i Rainbow Warriors,Hawai'i,[Hawai'i](#f/hawaii),FBS,8,29
110,High Point,2272,High Point Panthers,High Point Panthers,High Point,[High Point](#f/highpoint),None,None,13
111,Hofstra,2275,Hofstra Pride,Hofstra Pride,Hofstra,[Hofstra](#f/hofstra),None,None,14
112,Holy Cross,107,Holy Cross Crusaders,Holy Cross Crusaders,Holy Cross,[Holy Cross](#f/holycross),FCS,20,20
113,Houston Baptist,2277,Houston Baptist Huskies,Houston Baptist Huskies,Houston Baptist,[Houston Baptist](#f/houstonbaptist),FCS,23,23
114,Houston,248,Houston Cougars,Houston Cougars,Houston,[Houston](#f/houston),FBS,2,2
115,Howard,47,Howard Bison,Howard Bison,Howard,[Howard](#f/howard),FCS,16,16
116,IUPUI,85,IUPUI Jaguars,IUPUI Jaguars,IUPUI,[IUPUI](#f/iupui),None,None,30
117,Idaho State,304,Idaho State Bengals,Idaho State Bengals,Idaho State,[Idaho State](#f/idahostate),FCS,12,12
118,Idaho,70,Idaho Vandals,Idaho Vandals,Idaho,[Idaho](#f/idaho),FBS,11,12
119,Illinois State,2287,Illinois State Redbirds,Illinois State Redbirds,Illinois State,[Illinois State](#f/illinoisstate),FCS,17,17
120,Illinois,356,Illinois Fighting Illini,Illinois Fighting Illini,Illinois,[Illinois](#f/illinois),FBS,4,4
121,Incarnate Word,2916,Incarnate Word Cardinals,Incarnate Word Cardinals,Incarnate Word,[Incarnate Word](#f/incarnateword),FCS,23,23
122,Indiana State,282,Indiana State Sycamores,Indiana State Sycamores,Indiana State,[Indiana State](#f/indianastate),FCS,17,17
123,Indiana,84,Indiana Hoosiers,Indiana Hoosiers,Indiana,[Indiana](#f/indiana),FBS,4,4
124,Iona,314,Iona Gaels,Iona Gaels,Iona,[Iona](#f/iona),None,None,31
125,Iowa State,66,Iowa State Cyclones,Iowa State Cyclones,Iowa State,[Iowa State](#f/iowastate),FBS,3,3
126,Iowa,2294,Iowa Hawkeyes,Iowa Hawkeyes,Iowa,[Iowa](#f/iowa),FBS,4,4
127,Jackson State,2296,Jackson State Tigers,Jackson State Tigers,Jackson State,[Jackson State](#f/jacksonstate),FCS,24,24
128,Jacksonville State,55,Jacksonville State Gamecocks,Jacksonville State Gamecocks,Jacksonville State,[Jacksonville State](#f/jacksonvillestate),FCS,19,19
129,Jacksonville,294,Jacksonville Dolphins,Jacksonville Dolphins,Jacksonville,[Jacksonville](#f/jacksonville),FCS,21,26
130,James Madison,256,James Madison Dukes,James Madison Dukes,James Madison,[James Madison](#f/jamesmadison),FCS,14,14
131,Kansas State,2306,Kansas State Wildcats,Kansas State Wildcats,Kansas State,[Kansas State](#f/kansasstate),FBS,3,3
132,Kansas,2305,Kansas Jayhawks,Kansas Jayhawks,Kansas,[Kansas](#f/kansas),FBS,3,3
133,Kennesaw State,338,Kennesaw State Owls,Kennesaw State Owls,Kennesaw State,[Kennesaw State](#f/kennesawstate),FCS,13,26
134,Kent State,2309,Kent State Golden Flashes,Kent State Golden Flashes,Kent State,[Kent State](#f/kentstate),FBS,7,7
135,Kentucky,96,Kentucky Wildcats,Kentucky Wildcats,Kentucky,[Kentucky](#f/kentucky),FBS,10,10
136,LIU Brooklyn,2341,LIU Brooklyn Blackbirds,LIU Brooklyn Blackbirds,LIU Brooklyn,[LIU Brooklyn](#f/liubrooklyn),None,None,18
137,LSU,99,LSU Tigers,LSU Tigers,LSU,[LSU](#f/lsu),FBS,10,10
138,La Salle,2325,La Salle Explorers,La Salle Explorers,La Salle,[La Salle](#f/lasalle),None,None,27
139,Lafayette,322,Lafayette Leopards,Lafayette Leopards,Lafayette,[Lafayette](#f/lafayette),FCS,20,20
140,Lamar,2320,Lamar Cardinals,Lamar Cardinals,Lamar,[Lamar](#f/lamar),FCS,23,23
141,Lehigh,2329,Lehigh Mountain Hawks,Lehigh Mountain Hawks,Lehigh,[Lehigh](#f/lehigh),FCS,20,20
142,Liberty,2335,Liberty Flames,Liberty Flames,Liberty,[Liberty](#f/liberty),FCS,13,13
143,Lipscomb,288,Lipscomb Bisons,Lipscomb Bisons,Lipscomb,[Lipscomb](#f/lipscomb),None,None,26
144,Little Rock,2031,Little Rock Trojans,Little Rock Trojans,Little Rock,[Little Rock](#f/littlerock),None,None,11
145,Long Beach State,299,Long Beach State 49ers,Long Beach State 49ers,Long Beach State,[Long Beach State](#f/longbeachstate),None,None,29
146,Longwood,2344,Longwood Lancers,Longwood Lancers,Longwood,[Longwood](#f/longwood),None,None,13
147,Louisiana Monroe,2433,UL Monroe Warhawks,UL Monroe Warhawks,UL Monroe,[ULM](#f/ulm),FBS,11,11
148,Louisiana Tech,2348,Louisiana Tech Bulldogs,Louisiana Tech Bulldogs,Louisiana Tech,[Louisiana Tech](#f/louisianatech),FBS,5,5
149,Louisiana,309,Louisiana Ragin' Cajuns,Louisiana Ragin' Cajuns,Louisiana,[Louisiana](#f/louisiana),FBS,11,11
150,Louisville,97,Louisville Cardinals,Louisville Cardinals,Louisville,[Louisville](#f/louisville),FBS,1,1
151,Loyola (MD),2352,Loyola (MD) Greyhounds,Loyola (MD) Greyhounds,Loyola (MD),[Loyola (MD)](#f/loyolamd),None,None,20
152,Loyola Marymount,2351,Loyola Marymount Lions,Loyola Marymount Lions,Loyola Marymount,[Loyola Marymount](#f/loyolamarymount),None,None,33
153,Loyola-Chicago,2350,Loyola-Chicago Ramblers,Loyola-Chicago Ramblers,Loyola-Chicago,[Loyola-Chicago](#f/loyolachicago),None,None,17
154,Maine,311,Maine Black Bears,Maine Black Bears,Maine,[Maine](#f/maine),FCS,14,25
155,Manhattan,2363,Manhattan Jaspers,Manhattan Jaspers,Manhattan,[Manhattan](#f/manhattan),None,None,31
156,Marist,2368,Marist Red Foxes,Marist Red Foxes,Marist,[Marist](#f/marist),FCS,21,31
157,Marquette,269,Marquette Golden Eagles,Marquette Golden Eagles,Marquette,[Marquette](#f/marquette),None,None,28
158,Marshall,276,Marshall Thundering Herd,Marshall Thundering Herd,Marshall,[Marshall](#f/marshall),FBS,5,5
159,Maryland,120,Maryland Terrapins,Maryland Terrapins,Maryland,[Maryland](#f/maryland),FBS,4,4
160,Maryland-Eastern Shore,2379,Maryland-Eastern Shore Hawks,Maryland-Eastern Shore Hawks,Maryland-Eastern Shore,[Maryland-Eastern Shore](#f/marylandeasternshore),None,None,16
161,Massachusetts,113,Massachusetts Minutemen,Massachusetts Minutemen,UMass,[UMass](#f/umass),FBS,6,27
162,McNeese,2377,McNeese Cowboys,McNeese Cowboys,McNeese,[McNeese](#f/mcneese),FCS,23,23
163,Memphis,235,Memphis Tigers,Memphis Tigers,Memphis,[Memphis](#f/memphis),FBS,2,2
164,Mercer,2382,Mercer Bears,Mercer Bears,Mercer,[Mercer](#f/mercer),FCS,22,22
165,Miami (OH),193,Miami (OH) RedHawks,Miami (OH) RedHawks,Miami (OH),[Miami (OH)](#f/miamioh),FBS,7,7
166,Miami,2390,Miami Hurricanes,Miami Hurricanes,Miami,[Miami](#f/miami),FBS,1,1
167,Michigan State,127,Michigan State Spartans,Michigan State Spartans,Michigan State,[Michigan State](#f/michiganstate),FBS,4,4
168,Michigan,130,Michigan Wolverines,Michigan Wolverines,Michigan,[Michigan](#f/michigan),FBS,4,4
169,Middle Tennessee,2393,Middle Tennessee Blue Raiders,Middle Tennessee Blue Raiders,Middle Tennessee,[Middle Tennessee](#f/middletennessee),FBS,5,5
170,Milwaukee,270,Milwaukee Panthers,Milwaukee Panthers,Milwaukee,[Milwaukee](#f/milwaukee),None,None,30
171,Minnesota,135,Minnesota Golden Gophers,Minnesota Golden Gophers,Minnesota,[Minnesota](#f/minnesota),FBS,4,4
172,Mississippi State,344,Mississippi State Bulldogs,Mississippi State Bulldogs,Mississippi State,[Mississippi State](#f/mississippistate),FBS,10,10
173,Mississippi Valley State,2400,Mississippi Valley State Delta Devils,Mississippi Valley State Delta Devils,Mississippi Valley State,[Mississippi Valley State](#f/mississippivalleystate),FCS,24,24
174,Missouri State,2623,Missouri State Bears,Missouri State Bears,Missouri State,[Missouri State](#f/missouristate),FCS,17,17
175,Missouri,142,Missouri Tigers,Missouri Tigers,Missouri,[Missouri](#f/missouri),FBS,10,10
176,Monmouth,2405,Monmouth Hawks,Monmouth Hawks,Monmouth,[Monmouth](#f/monmouth),FCS,13,31
177,Montana State,147,Montana State Bobcats,Montana State Bobcats,Montana State,[Montana State](#f/montanastate),FCS,12,12
178,Montana,149,Montana Grizzlies,Montana Grizzlies,Montana,[Montana](#f/montana),FCS,12,12
179,Morehead State,2413,Morehead St Eagles,Morehead St Eagles,Morehead State,[Morehead State](#f/moreheadstate),FCS,21,19
180,Morgan State,2415,Morgan State Bears,Morgan State Bears,Morgan State,[Morgan State](#f/morganstate),FCS,16,16
181,Mt. St. Mary's,116,Mt. St. Mary's Mountaineers,Mt. St. Mary's Mountaineers,Mt. St. Mary's,[Mt. St. Mary's](#f/mtstmarys),None,None,18
182,Murray State,93,Murray State Racers,Murray State Racers,Murray State,[Murray State](#f/murraystate),FCS,19,19
183,NC State,152,NC State Wolfpack,NC State Wolfpack,NC State,[NC State](#f/ncstate),FBS,1,1
184,NJIT,2885,NJIT Highlanders,NJIT Highlanders,NJIT,[NJIT](#f/njit),None,None,26
185,Navy,2426,Navy Midshipmen,Navy Midshipmen,Navy,[Navy](#f/navy),FBS,2,20
186,Nebraska,158,Nebraska Cornhuskers,Nebraska Cornhuskers,Nebraska,[Nebraska](#f/nebraska),FBS,4,4
187,Nevada,2440,Nevada Wolf Pack,Nevada Wolf Pack,Nevada,[Nevada](#f/nevada),FBS,8,8
188,New Hampshire,160,New Hampshire Wildcats,New Hampshire Wildcats,New Hampshire,[New Hampshire](#f/newhampshire),FCS,14,25
189,New Mexico State,166,New Mexico State Aggies,New Mexico State Aggies,New Mexico State,[New Mexico State](#f/newmexicostate),FBS,11,34
190,New Mexico,167,New Mexico Lobos,New Mexico Lobos,New Mexico,[New Mexico](#f/newmexico),FBS,8,8
191,New Orleans,2443,New Orleans Privateers,New Orleans Privateers,New Orleans,[New Orleans](#f/neworleans),None,None,23
192,Niagara,315,Niagara Purple Eagles,Niagara Purple Eagles,Niagara,[Niagara](#f/niagara),None,None,31
193,Nicholls,2447,Nicholls Colonels,Nicholls Colonels,Nicholls,[Nicholls](#f/nicholls),FCS,23,23
194,Norfolk State,2450,Norfolk State Spartans,Norfolk State Spartans,Norfolk State,[Norfolk State](#f/norfolkstate),FCS,16,16
195,North Carolina A&T,2448,North Carolina A&T Aggies,North Carolina A&T Aggies,North Carolina A&T,[North Carolina A&T](#f/northcarolinaat),FCS,16,16
196,North Carolina Central,2428,North Carolina Central Eagles,North Carolina Central Eagles,North Carolina Central,[North Carolina Central](#f/northcarolinacentral),FCS,16,16
197,North Carolina,153,North Carolina Tar Heels,North Carolina Tar Heels,North Carolina,[North Carolina](#f/northcarolina),FBS,1,1
198,North Dakota State,2449,North Dakota State Bison,North Dakota State Bison,North Dakota State,[North Dakota State](#f/northdakotastate),FCS,17,32
199,North Dakota,155,North Dakota Fighting Hawks,North Dakota Fighting Hawks,North Dakota,[North Dakota](#f/northdakota),FCS,12,12
200,North Florida,2454,North Florida Ospreys,North Florida Ospreys,North Florida,[North Florida](#f/northflorida),None,None,26
201,North Texas,249,North Texas Mean Green,North Texas Mean Green,North Texas,[North Texas](#f/northtexas),FBS,5,5
202,Northeastern,111,Northeastern Huskies,Northeastern Huskies,Northeastern,[Northeastern](#f/northeastern),None,None,14
203,Northern Arizona,2464,Northern Arizona Lumberjacks,Northern Arizona Lumberjacks,Northern Arizona,[Northern Arizona](#f/northernarizona),FCS,12,12
204,Northern Colorado,2458,Northern Colorado Bears,Northern Colorado Bears,Northern Colorado,[Northern Colorado](#f/northerncolorado),FCS,12,12
205,Northern Illinois,2459,Northern Illinois Huskies,Northern Illinois Huskies,Northern Illinois,[Northern Illinois](#f/northernillinois),FBS,7,7
206,Northern Iowa,2460,Northern Iowa Panthers,Northern Iowa Panthers,Northern Iowa,[Northern Iowa](#f/northerniowa),FCS,17,17
207,Northern Kentucky,94,Northern Kentucky Norse,Northern Kentucky Norse,Northern Kentucky,[Northern Kentucky](#f/northernkentucky),None,None,30
208,Northwestern State,2466,Northwestern State Demons,Northwestern State Demons,Northwestern State,[Northwestern State](#f/northwesternstate),FCS,23,23
209,Northwestern,77,Northwestern Wildcats,Northwestern Wildcats,Northwestern,[Northwestern](#f/northwestern),FBS,4,4
210,Notre Dame,87,Notre Dame Fighting Irish,Notre Dame Fighting Irish,Notre Dame,[Notre Dame](#f/notredame),FBS,6,1
211,Oakland,2473,Oakland Golden Grizzlies,Oakland Golden Grizzlies,Oakland,[Oakland](#f/oakland),None,None,30
212,Ohio State,194,Ohio State Buckeyes,Ohio State Buckeyes,Ohio State,[Ohio State](#f/ohiostate),FBS,4,4
213,Ohio,195,Ohio Bobcats,Ohio Bobcats,Ohio,[Ohio](#f/ohio),FBS,7,7
214,Oklahoma State,197,Oklahoma State Cowboys,Oklahoma State Cowboys,Oklahoma State,[Oklahoma State](#f/oklahomastate),FBS,3,3
215,Oklahoma,201,Oklahoma Sooners,Oklahoma Sooners,Oklahoma,[Oklahoma](#f/oklahoma),FBS,3,3
216,Old Dominion,295,Old Dominion Monarchs,Old Dominion Monarchs,Old Dominion,[Old Dominion](#f/olddominion),FBS,5,5
217,Ole Miss,145,Ole Miss Rebels,Ole Miss Rebels,Ole Miss,[Ole Miss](#f/olemiss),FBS,10,10
218,Omaha,2437,Omaha Mavericks,Omaha Mavericks,Omaha,[Omaha](#f/omaha),None,None,32
219,Oral Roberts,198,Oral Roberts Golden Eagles,Oral Roberts Golden Eagles,Oral Roberts,[Oral Roberts](#f/oralroberts),None,None,32
220,Oregon State,204,Oregon State Beavers,Oregon State Beavers,Oregon State,[Oregon State](#f/oregonstate),FBS,9,9
221,Oregon,2483,Oregon Ducks,Oregon Ducks,Oregon,[Oregon](#f/oregon),FBS,9,9
222,Pacific,279,Pacific Tigers,Pacific Tigers,Pacific,[Pacific](#f/pacific),None,None,33
223,Penn State,213,Penn State Nittany Lions,Penn State Nittany Lions,Penn State,[Penn State](#f/pennstate),FBS,4,4
224,Pennsylvania,219,Pennsylvania Quakers,Pennsylvania Quakers,Pennsylvania,[Pennsylvania](#f/pennsylvania),FCS,15,15
225,Pepperdine,2492,Pepperdine Waves,Pepperdine Waves,Pepperdine,[Pepperdine](#f/pepperdine),None,None,33
226,Pittsburgh,221,Pittsburgh Panthers,Pittsburgh Panthers,Pittsburgh,[Pittsburgh](#f/pittsburgh),FBS,1,1
227,Portland State,2502,Portland St Vikings,Portland St Vikings,Portland State,[Portland State](#f/portlandstate),FCS,12,12
228,Portland,2501,Portland Pilots,Portland Pilots,Portland,[Portland](#f/portland),None,None,33
229,Prairie View A&M,2504,Prairie View A&M Panthers,Prairie View A&M Panthers,Prairie View A&M,[Prairie View A&M](#f/prairieviewam),FCS,24,24
230,Presbyterian,2506,Presbyterian Blue Hose,Presbyterian Blue Hose,Presbyterian,[Presbyterian](#f/presbyterian),FCS,13,13
231,Princeton,163,Princeton Tigers,Princeton Tigers,Princeton,[Princeton](#f/princeton),FCS,15,15
232,Providence,2507,Providence Friars,Providence Friars,Providence,[Providence](#f/providence),None,None,28
233,Purdue,2509,Purdue Boilermakers,Purdue Boilermakers,Purdue,[Purdue](#f/purdue),FBS,4,4
234,Quinnipiac,2514,Quinnipiac Bobcats,Quinnipiac Bobcats,Quinnipiac,[Quinnipiac](#f/quinnipiac),None,None,31
235,Radford,2515,Radford Highlanders,Radford Highlanders,Radford,[Radford](#f/radford),None,None,13
236,Rhode Island,227,Rhode Island Rams,Rhode Island Rams,Rhode Island,[Rhode Island](#f/rhodeisland),FCS,14,27
237,Rice,242,Rice Owls,Rice Owls,Rice,[Rice](#f/rice),FBS,5,5
238,Richmond,257,Richmond Spiders,Richmond Spiders,Richmond,[Richmond](#f/richmond),FCS,14,27
239,Rider,2520,Rider Broncs,Rider Broncs,Rider,[Rider](#f/rider),None,None,31
240,Robert Morris,2523,Robert Morris Colonials,Robert Morris Colonials,Robert Morris,[Robert Morris](#f/robertmorris),FCS,18,18
241,Rutgers,164,Rutgers Scarlet Knights,Rutgers Scarlet Knights,Rutgers,[Rutgers](#f/rutgers),FBS,4,4
242,SE Louisiana,2545,SE Louisiana Lions,SE Louisiana Lions,SE Louisiana,[SE Louisiana](#f/selouisiana),FCS,23,23
243,SIU-Edwardsville,2565,SIU-Edwardsville Cougars,SIU-Edwardsville Cougars,SIU-Edwardsville,[SIU-Edwardsville](#f/siuedwardsville),None,None,19
244,SMU,2567,SMU Mustangs,SMU Mustangs,SMU,[SMU](#f/smu),FBS,2,2
245,Sacramento State,16,Sacramento State Hornets,Sacramento State Hornets,Sacramento State,[Sacramento State](#f/sacramentostate),FCS,12,12
246,Sacred Heart,2529,Sacred Heart Pioneers,Sacred Heart Pioneers,Sacred Heart,[Sacred Heart](#f/sacredheart),FCS,18,18
247,Saint Joseph's,2603,Saint Joseph's Hawks,Saint Joseph's Hawks,Saint Joseph's,[Saint Joseph's](#f/saintjosephs),None,None,27
248,Saint Louis,139,Saint Louis Billikens,Saint Louis Billikens,Saint Louis,[Saint Louis](#f/saintlouis),None,None,27
249,Saint Mary's,2608,Saint Mary's Gaels,Saint Mary's Gaels,Saint Mary's,[Saint Mary's](#f/saintmarys),None,None,33
250,Saint Peter's,2612,Saint Peter's Peacocks,Saint Peter's Peacocks,Saint Peter's,[Saint Peter's](#f/saintpeters),None,None,31
251,Sam Houston State,2534,Sam Houston State Bearkats,Sam Houston State Bearkats,Sam Houston State,[Sam Houston State](#f/samhoustonstate),FCS,23,23
252,Samford,2535,Samford Bulldogs,Samford Bulldogs,Samford,[Samford](#f/samford),FCS,22,22
253,San Diego State,21,San Diego State Aztecs,San Diego State Aztecs,San Diego State,[San Diego State](#f/sandiegostate),FBS,8,8
254,San Diego,301,San Diego Toreros,San Diego Toreros,San Diego,[San Diego](#f/sandiego),FCS,21,33
255,San Francisco,2539,San Francisco Dons,San Francisco Dons,San Francisco,[San Francisco](#f/sanfrancisco),None,None,33
256,San Jose State,23,San Jose State Spartans,San Jose State Spartans,San Jose State,[San Jose State](#f/sanjosestate),FBS,8,8
257,Santa Clara,2541,Santa Clara Broncos,Santa Clara Broncos,Santa Clara,[Santa Clara](#f/santaclara),None,None,33
258,Savannah State,2542,Savannah State Tigers,Savannah State Tigers,Savannah State,[Savannah State](#f/savannahstate),FCS,16,16
259,Seattle,2547,Seattle Redhawks,Seattle Redhawks,Seattle,[Seattle](#f/seattle),None,None,34
260,Seton Hall,2550,Seton Hall Pirates,Seton Hall Pirates,Seton Hall,[Seton Hall](#f/setonhall),None,None,28
261,Siena,2561,Siena Saints,Siena Saints,Siena,[Siena](#f/siena),None,None,31
262,South Alabama,6,South Alabama Jaguars,South Alabama Jaguars,South Alabama,[South Alabama](#f/southalabama),FBS,11,11
263,South Carolina State,2569,South Carolina State Bulldogs,South Carolina State Bulldogs,South Carolina State,[South Carolina State](#f/southcarolinastate),FCS,16,16
264,South Carolina Upstate,2908,South Carolina Upstate Spartans,South Carolina Upstate Spartans,South Carolina Upstate,[South Carolina Upstate](#f/southcarolinaupstate),None,None,26
265,South Carolina,2579,South Carolina Gamecocks,South Carolina Gamecocks,South Carolina,[South Carolina](#f/southcarolina),FBS,10,10
266,South Dakota State,2571,South Dakota State Jackrabbits,South Dakota State Jackrabbits,South Dakota State,[South Dakota State](#f/southdakotastate),FCS,17,32
267,South Dakota,233,South Dakota Coyotes,South Dakota Coyotes,South Dakota,[South Dakota](#f/southdakota),FCS,17,32
268,South Florida,58,South Florida Bulls,South Florida Bulls,South Florida,[USF](#f/usf),FBS,2,2
269,Southeast Missouri State,2546,Southeast Missouri State Redhawks,Southeast Missouri State Redhawks,Southeast Missouri State,[Southeast Missouri State](#f/southeastmissouristate),FCS,19,19
270,Southern Illinois,79,Southern Illinois Salukis,Southern Illinois Salukis,Southern Illinois,[Southern Illinois](#f/southernillinois),FCS,17,17
271,Southern Miss,2572,Southern Mississippi Golden Eagles,Southern Miss Golden Eagles,Southern Mississippi,[Southern Miss](#f/southernmiss),FBS,5,5
272,Southern Utah,253,Southern Utah Thunderbirds,Southern Utah Thunderbirds,Southern Utah,[Southern Utah](#f/southernutah),FCS,12,12
273,Southern,2582,Southern Jaguars,Southern Jaguars,Southern,[Southern](#f/southern),FCS,24,24
274,St. Bonaventure,179,St. Bonaventure Bonnies,St. Bonaventure Bonnies,St. Bonaventure,[St. Bonaventure](#f/stbonaventure),None,None,27
275,St. Francis (BKN),2597,St. Francis (BKN) Terriers,St. Francis (BKN) Terriers,St. Francis (BKN),[St. Francis (BKN)](#f/stfrancisbkn),None,None,18
276,St. Francis (PA),2598,St. Francis (PA) Red Flash,St. Francis (PA) Red Flash,St. Francis (PA),[St. Francis (PA)](#f/stfrancispa),FCS,18,18
277,St. John's,2599,St. John's Red Storm,St. John's Red Storm,St. John's,[St. John's](#f/stjohns),None,None,28
278,Stanford,24,Stanford Cardinal,Stanford Cardinal,Stanford,[Stanford](#f/stanford),FBS,9,9
279,Stephen F. Austin,2617,Stephen F. Austin Lumberjacks,Stephen F. Austin Lumberjacks,Stephen F. Austin,[Stephen F. Austin](#f/stephenfaustin),FCS,23,23
280,Stetson,56,Stetson Hatters,Stetson Hatters,Stetson,[Stetson](#f/stetson),FCS,21,26
281,Stony Brook,2619,Stony Brook Seawolves,Stony Brook Seawolves,Stony Brook,[Stony Brook](#f/stonybrook),FCS,14,25
282,Syracuse,183,Syracuse Orange,Syracuse Orange,Syracuse,[Syracuse](#f/syracuse),FBS,1,1
283,TCU,2628,TCU Horned Frogs,TCU Horned Frogs,TCU,[TCU](#f/tcu),FBS,3,3
284,Temple,218,Temple Owls,Temple Owls,Temple,[Temple](#f/temple),FBS,2,2
285,Tennessee State,2634,Tennessee State Tigers,Tennessee State Tigers,Tennessee State,[Tennessee State](#f/tennesseestate),FCS,19,19
286,Tennessee Tech,2635,Tennessee Tech Golden Eagles,Tennessee Tech Golden Eagles,Tennessee Tech,[Tennessee Tech](#f/tennesseetech),FCS,19,19
287,Tennessee,2633,Tennessee Volunteers,Tennessee Volunteers,Tennessee,[Tennessee](#f/tennessee),FBS,10,10
288,Tennessee-Martin,2630,Tenn-Martin Skyhawks,Tenn-Martin Skyhawks,Tenn-Martin,[Tennessee-Martin](#f/tennesseemartin),FCS,19,19
289,Texas A&M,245,Texas A&M Aggies,Texas A&M Aggies,Texas A&M,[Texas A&M](#f/texasam),FBS,10,10
290,Texas A&M-Corpus Christi,357,Texas A&M-CC Islanders,Texas A&M-CC Islanders,Texas A&M-CC,[Texas A&M-Corpus Christi](#f/texasamcorpuschristi),None,None,23
291,Texas Southern,2640,Texas Southern Tigers,Texas Southern Tigers,Texas Southern,[Texas Southern](#f/texassouthern),FCS,24,24
292,Texas State,326,Texas State Bobcats,Texas State Bobcats,Texas State,[Texas State](#f/texasstate),FBS,11,11
293,Texas Tech,2641,Texas Tech Red Raiders,Texas Tech Red Raiders,Texas Tech,[Texas Tech](#f/texastech),FBS,3,3
294,Texas,251,Texas Longhorns,Texas Longhorns,Texas,[Texas](#f/texas),FBS,3,3
295,The Citadel,2643,The Citadel Bulldogs,The Citadel Bulldogs,The Citadel,[The Citadel](#f/thecitadel),FCS,22,22
296,Toledo,2649,Toledo Rockets,Toledo Rockets,Toledo,[Toledo](#f/toledo),FBS,7,7
297,Towson,119,Towson Tigers,Towson Tigers,Towson,[Towson](#f/towson),FCS,14,14
298,Troy,2653,Troy Trojans,Troy Trojans,Troy,[Troy](#f/troy),FBS,11,11
299,Tulane,2655,Tulane Green Wave,Tulane Green Wave,Tulane,[Tulane](#f/tulane),FBS,2,2
300,Tulsa,202,Tulsa Golden Hurricane,Tulsa Golden Hurricane,Tulsa,[Tulsa](#f/tulsa),FBS,2,2
301,UAB,5,UAB Blazers,UAB Blazers,UAB,[UAB](#f/uab),FBS,5,5
302,UC Davis,302,UC Davis Aggies,UC Davis Aggies,UC Davis,[UC Davis](#f/ucdavis),FCS,12,29
303,UC Irvine,300,UC Irvine Anteaters,UC Irvine Anteaters,UC Irvine,[UC Irvine](#f/ucirvine),None,None,29
304,UC Riverside,27,UC Riverside Highlanders,UC Riverside Highlanders,UC Riverside,[UC Riverside](#f/ucriverside),None,None,29
305,UC Santa Barbara,2540,UC Santa Barbara Gauchos,UC Santa Barbara Gauchos,UC Santa Barbara,[UC Santa Barbara](#f/ucsantabarbara),None,None,29
306,UCF,2116,UCF Knights,UCF Knights,UCF,[UCF](#f/ucf),FBS,2,2
307,UCLA,26,UCLA Bruins,UCLA Bruins,UCLA,[UCLA](#f/ucla),FBS,9,9
308,UIC,82,UIC Flames,UIC Flames,UIC,[UIC](#f/uic),None,None,30
309,UMBC,2378,UMBC Retrievers,UMBC Retrievers,UMBC,[UMBC](#f/umbc),None,None,25
310,UMKC,140,UMKC Kangaroos,UMKC Kangaroos,UMKC,[UMKC](#f/umkc),None,None,34
311,UMass Lowell,2349,UMass Lowell River Hawks,UMass Lowell River Hawks,UMass Lowell,[UMass Lowell](#f/umasslowell),None,None,25
312,UNC Asheville,2427,UNC Asheville Bulldogs,UNC Asheville Bulldogs,UNC Asheville,[UNC Asheville](#f/uncasheville),None,None,13
313,UNC Greensboro,2430,UNC Greensboro Spartans,UNC Greensboro Spartans,UNC Greensboro,[UNC Greensboro](#f/uncgreensboro),None,None,22
314,UNC Wilmington,350,UNC Wilmington Seahawks,UNC Wilmington Seahawks,UNC Wilmington,[UNC Wilmington](#f/uncwilmington),None,None,14
315,UNLV,2439,UNLV Rebels,UNLV Rebels,UNLV,[UNLV](#f/unlv),FBS,8,8
316,USC,30,USC Trojans,USC Trojans,USC,[USC](#f/usc),FBS,9,9
317,UT Arlington,250,UT Arlington Mavericks,UT Arlington Mavericks,UT Arlington,[UT Arlington](#f/utarlington),None,None,11
318,UT Rio Grande Valley,292,UT Rio Grande Valley Vaqueros,UT Rio Grande Valley Vaqueros,UT Rio Grande Valley,[UT Rio Grande Valley](#f/utriograndevalley),None,None,34
319,UTEP,2638,UTEP Miners,UTEP Miners,UTEP,[UTEP](#f/utep),FBS,5,5
320,UTSA,2636,UT San Antonio Roadrunners,UT San Antonio Roadrunners,UT San Antonio,[UTSA](#f/utsa),FBS,5,5
321,Utah State,328,Utah State Aggies,Utah State Aggies,Utah State,[Utah State](#f/utahstate),FBS,8,8
322,Utah Valley,3084,Utah Valley Wolverines,Utah Valley Wolverines,Utah Valley,[Utah Valley](#f/utahvalley),None,None,34
323,Utah,254,Utah Utes,Utah Utes,Utah,[Utah](#f/utah),FBS,9,9
324,VCU,2670,VCU Rams,VCU Rams,VCU,[VCU](#f/vcu),None,None,27
325,VMI,2678,VMI Keydets,VMI Keydets,VMI,[VMI](#f/vmi),FCS,22,22
326,Valparaiso,2674,Valparaiso Crusaders,Valparaiso Crusaders,Valparaiso,[Valparaiso](#f/valparaiso),FCS,21,17
327,Vanderbilt,238,Vanderbilt Commodores,Vanderbilt Commodores,Vanderbilt,[Vanderbilt](#f/vanderbilt),FBS,10,10
328,Vermont,261,Vermont Catamounts,Vermont Catamounts,Vermont,[Vermont](#f/vermont),None,None,25
329,Villanova,222,Villanova Wildcats,Villanova Wildcats,Villanova,[Villanova](#f/villanova),FCS,14,28
330,Virginia Tech,259,Virginia Tech Hokies,Virginia Tech Hokies,Virginia Tech,[Virginia Tech](#f/virginiatech),FBS,1,1
331,Virginia,258,Virginia Cavaliers,Virginia Cavaliers,Virginia,[Virginia](#f/virginia),FBS,1,1
332,Wagner,2681,Wagner Seahawks,Wagner Seahawks,Wagner,[Wagner](#f/wagner),FCS,18,18
333,Wake Forest,154,Wake Forest Demon Deacons,Wake Forest Demon Deacons,Wake Forest,[Wake Forest](#f/wakeforest),FBS,1,1
334,Washington State,265,Washington State Cougars,Washington State Cougars,Washington State,[Washington State](#f/washingtonstate),FBS,9,9
335,Washington,264,Washington Huskies,Washington Huskies,Washington,[Washington](#f/washington),FBS,9,9
336,Weber State,2692,Weber State Wildcats,Weber State Wildcats,Weber State,[Weber State](#f/weberstate),FCS,12,12
337,West Virginia,277,West Virginia Mountaineers,West Virginia Mountaineers,West Virginia,[West Virginia](#f/westvirginia),FBS,3,3
338,Western Carolina,2717,Western Carolina Catamounts,Western Carolina Catamounts,Western Carolina,[Western Carolina](#f/westerncarolina),FCS,22,22
339,Western Illinois,2710,Western Illinois Leathernecks,Western Illinois Leathernecks,Western Illinois,[Western Illinois](#f/westernillinois),FCS,17,32
340,Western Kentucky,98,Western Kentucky Hilltoppers,Western Kentucky Hilltoppers,Western Kentucky,[WKU](#f/wku),FBS,5,5
341,Western Michigan,2711,Western Michigan Broncos,Western Michigan Broncos,Western Michigan,[Western Michigan](#f/westernmichigan),FBS,7,7
342,Wichita State,2724,Wichita State Shockers,Wichita State Shockers,Wichita State,[Wichita State](#f/wichitastate),None,None,2
343,William & Mary,2729,William & Mary Tribe,William & Mary Tribe,William & Mary,[William & Mary](#f/williammary),FCS,14,14
344,Winthrop,2737,Winthrop Eagles,Winthrop Eagles,Winthrop,[Winthrop](#f/winthrop),None,None,13
345,Wisconsin,275,Wisconsin Badgers,Wisconsin Badgers,Wisconsin,[Wisconsin](#f/wisconsin),FBS,4,4
346,Wofford,2747,Wofford Terriers,Wofford Terriers,Wofford,[Wofford](#f/wofford),FCS,22,22
347,Wright State,2750,Wright State Raiders,Wright State Raiders,Wright State,[Wright State](#f/wrightstate),None,None,30
348,Wyoming,2751,Wyoming Cowboys,Wyoming Cowboys,Wyoming,[Wyoming](#f/wyoming),FBS,8,8
349,Xavier,2752,Xavier Musketeers,Xavier Musketeers,Xavier,[Xavier](#f/xavier),None,None,28
350,Yale,43,Yale Bulldogs,Yale Bulldogs,Yale,[Yale](#f/yale),FCS,15,15
351,Youngstown State,2754,Youngstown State Penguins,Youngstown State Penguins,Youngstown State,[Youngstown State](#f/youngstownstate),FCS,17,30
